TCR	Abundance
CASSEFPQGTPNSPLHF	0.11352283076690091
CASSERQGAGGELFF	0.10825500123045728
CASSLSVAAYEQYF	0.07574358532117038
CASSSRASYEQYF	0.06856591780545314
CSAYPGGGTDTQYF	0.06499864334196406
CASSGATTTGANVLTF	0.044733958307479706
CASSGGGRNEQFF	0.040303260396312414
CASSLGNRGVQFF	0.03736173130598844
CASSLRSNQPQHF	0.03682748147478194
CASSLRQGVDSPLHF	0.035620160990086934
CSALKEGDTEAFF	0.03216646719937404
CASSLGALNTEAFF	0.02775890609192042
CSARDQPETEAFF	0.026917567775059787
CASRYGTTGGEQYF	0.025750210860415665
CASSSHREGQPQHF	0.024558665469161797
CASSTDPSGNTIYF	0.017861612466951178
CATSDLNGQGIYGYTF	0.01752928383179123
CASRAGTSENTEAFF	0.017317897579679997
CATGPEKTSGANVLTF	0.01703289422484346
CASSKETPIPYSNQPQHF	0.01681730128114792
CASRGRSQETQYF	0.015174588217477542
CASQFVQGTDTQYF	0.014615098236765222
CASSLTGNQPQHF	0.013496118275340585
CASRKPGQSLLCYEQYF	0.013483498200587675
CASSLTGPGRDQETQYF	0.010029804409874788
CASSTFRASEKSTDTQYF	0.00935252706480198
CASSPGGAGNQPQHF	0.008803553813050419
CASRRGQSSGNTIYF	0.008569030757225518
CATLRARGDTGELFF	0.008294544131349738
CSARDLGEVETQYF	0.008025315869954336
CASSPLTGRQPQHF	0.006136511348602222
CASSLEPKGRPDEQYF	0.004951275994724808
CASSFIGWEKLFF	0.004498004976516144
CASSLAPGSGDTQYF	0.004409664453245778
CSVRAPTGNEQYF	0.003999512023776221
CATLDFVTQYF	0.003668235061512348
CASSYSQSYEQYF	0.0035294142392303437
CSVGQGGNQPQHF	0.002364160670378371
CASSGATTTGANVLAF	0.0022779234929001563
CSVGREGDQRMDEQFF	0.0018551509886776897
CASNKGADETQYF	0.0015470108301274838
CASSTGQGAKTQYF	0.0011116182511521076
CASSQGQGSSYEQYF	3.4705205570501e-05
CASSPPDALEGEAFF	3.0498513986197847e-05
CASSYGTGWRNTEAFF	1.5775093441136817e-05
CASSYAGPSTGELFF	1.0516728960757878e-05
CATSDLNGQGVYGYTF	9.46505606468209e-06
CASSALGAEQYF	8.413383168606303e-06
CASSNHQGMNTEAFF	8.413383168606303e-06
CASSQGRGYYEQYF	8.413383168606303e-06
CASSLLSIINTEAFF	6.310037376454727e-06
CASSPGVNTGELFF	6.310037376454727e-06
CASSYSLEQYF	5.258364480378939e-06
CSARMNTEAFF	5.258364480378939e-06
CASRGGGMRNTEAFF	4.206691584303151e-06
CASSYWGGRATGELFF	3.1550186882273634e-06
CASSFFSVDEQFF	3.1550186882273634e-06
CASSPPDVLEGEAFF	2.1033457921515756e-06
CASSLQGPLSDTQYF	2.1033457921515756e-06
